<?xml version="1.0" encoding="UTF-8"?>
<project xmlns="http://maven.apache.org/POM/4.0.0" xmlns:xsi="http://www.w3.org/2001/XMLSchema-instance" xsi:schemaLocation="http://maven.apache.org/POM/4.0.0 http://maven.apache.org/maven-v4_0_0.xsd">
  <parent>
    <artifactId>jgrapht</artifactId>
    <groupId>org.jgrapht</groupId>
    <version>1.3.0</version>
  </parent>
  <modelVersion>4.0.0</modelVersion>
  <artifactId>jgrapht-bundle</artifactId>
  <name>JGraphT - Bundle</name>
  <licenses>
    <license>
      <name>GNU Lesser General Public License Version 2.1, February 1999</name>
      <url>http://jgrapht.sourceforge.net/LGPL.html</url>
      <distribution>repo</distribution>
    </license>
    <license>
      <name>Eclipse Public License (EPL) 2.0</name>
      <url>http://www.eclipse.org/legal/epl-v20.html</url>
      <distribution>repo</distribution>
    </license>
  </licenses>
  <build>
    <plugins>
      <plugin>
        <artifactId>maven-jar-plugin</artifactId>
        <configuration>
          <archive>
            <manifestFile>${project.build.outputDirectory}/META-INF/MANIFEST.MF</manifestFile>
          </archive>
        </configuration>
      </plugin>
      <plugin>
        <artifactId>maven-resources-plugin</artifactId>
      </plugin>
      <plugin>
        <groupId>org.apache.felix</groupId>
        <artifactId>maven-bundle-plugin</artifactId>
        <executions>
          <execution>
            <phase>process-classes</phase>
            <goals>
              <goal>manifest</goal>
            </goals>
          </execution>
        </executions>
        <configuration>
          <instructions>
            <Automatic-Module-Name>org.jgrapht.bundle</Automatic-Module-Name>
            <Bundle-Vendor>Barak Naveh, John V. Sichi and contributors</Bundle-Vendor>
          </instructions>
        </configuration>
      </plugin>
      <plugin>
        <artifactId>maven-shade-plugin</artifactId>
        <executions>
          <execution>
            <phase>package</phase>
            <goals>
              <goal>shade</goal>
            </goals>
          </execution>
        </executions>
        <configuration>
          <transformers>
            <transformer>
              <resource>META-INF/license-EPL</resource>
              <file>${main.basedir}/license-EPL.txt</file>
            </transformer>
            <transformer>
              <resource>META-INF/license-LGPL</resource>
              <file>${main.basedir}/license-LGPL.txt</file>
            </transformer>
            <transformer>
              <resource>META-INF/jheaps-license</resource>
              <file>${main.basedir}/etc/licenses/apache-license-2.0.txt</file>
            </transformer>
            <transformer>
              <resource>META-INF/guava-license</resource>
              <file>${main.basedir}/etc/licenses/apache-license-2.0.txt</file>
            </transformer>
            <transformer>
              <resource>META-INF/antlr-license</resource>
              <file>${main.basedir}/etc/licenses/antlr-license.txt</file>
            </transformer>
            <transformer>
              <resource>META-INF/commons-lang3-license</resource>
              <file>${main.basedir}/etc/licenses/apache-license-2.0.txt</file>
            </transformer>
            <transformer>
              <resource>META-INF/jgraphx-license</resource>
              <file>${main.basedir}/etc/licenses/jgraphx-license.txt</file>
            </transformer>
            <transformer>
              <resource>META-INF/fastutil-license</resource>
              <file>${main.basedir}/etc/licenses/apache-license-2.0.txt</file>
            </transformer>
            <transformer>
              <resources>
                <resource>META-INF/NOTICE</resource>
                <resource>META-INF/NOTICE.txt</resource>
                <resource>license.txt</resource>
              </resources>
            </transformer>
            <transformer />
          </transformers>
          <shadedArtifactAttached>false</shadedArtifactAttached>
          <shadedClassifierName />
        </configuration>
      </plugin>
      <plugin>
        <artifactId>maven-deploy-plugin</artifactId>
        <configuration>
          <skip>true</skip>
        </configuration>
      </plugin>
    </plugins>
  </build>
  <dependencies>
    <dependency>
      <groupId>junit</groupId>
      <artifactId>junit</artifactId>
      <version>4.12</version>
      <scope>test</scope>
      <exclusions>
        <exclusion>
          <artifactId>hamcrest-core</artifactId>
          <groupId>org.hamcrest</groupId>
        </exclusion>
      </exclusions>
    </dependency>
  </dependencies>
  <properties>
    <main.basedir>${project.parent.basedir}</main.basedir>
  </properties>
</project>
